,rank,number,name,location
0,1,5728,Massachusetts Institute of Technology,Cambridge
1,2,5720,Harvard University,Cambridge
2,3,5135,Stanford University,Stanford
3,4,6077,Cornell University,Ithaca
4,5,5143,"University of California, Berkeley",Berkeley
5,6,6835,University of Washington,Seattle
6,7,5821,University of Michigan,Ann Arbor
7,8,6075,Columbia University in the City of New York,New York City
8,9,5233,Yale University,New Haven
9,10,6506,University of Pennsylvania,Philadelphia
10,11,5147,"University of California, Los Angeles",Los Angeles
11,12,5863,University of Minnesota-Twin Cities,Minneapolis
12,13,6888,University of Wisconsin-Madison,Madison
13,14,6721,The University of Texas at Austin,Austin
14,15,6015,Princeton University,Princeton
15,16,5470,University of Chicago,Chicago
16,17,5669,Johns Hopkins University,Baltimore
17,18,5510,Purdue University,West Lafayette
18,19,5151,"University of California, San Diego",San Diego
19,20,5809,Michigan State University,East Lansing
20,27,6474,Penn State University,University Park
21,21,6122,New York University,New York City
22,22,5144,"University of California, Davis",Davis
23,23,6247,University of North Carolina at Chapel Hill,Chapel Hill
24,24,5160,University of Southern California,Los Angeles
25,25,6422,Carnegie Mellon University,Pittsburgh
26,26,5297,University of Florida,Gainesville
27,28,6210,Duke University,Durham
28,29,6020,"Rutgers, The State University of New Jersey",New Brunswick
29,30,4964,Arizona State University,Tempe
30,31,4975,The University of Arizona,Tucson
31,32,5474,University of Illinois at Urbana-Champaign,Champaign
32,33,5687,University of Maryland,College Park
33,34,6684,Texas A&amp;M University,College Station
34,35,6802,University of Virginia,Charlottesville
35,36,5442,Northwestern University,Evanston
36,37,5146,"University of California, Irvine",Irvine
37,38,5197,University of Colorado Boulder,Boulder
38,39,6322,The Ohio State University,Columbus
39,40,5703,Boston University,Boston
40,41,6235,North Carolina State University,Raleigh
41,42,5500,Indiana University Bloomington,Bloomington
42,43,5752,Tufts University,Medford
43,44,6507,University of Pittsburgh,Pittsburgh
44,45,6737,The University of Utah,Salt Lake City
45,46,5153,"University of California, Santa Barbara",Santa Barbara
46,47,5243,Georgetown University,Washington
47,48,6808,Virginia Polytechnic Institute and State University,Blacksburg
48,49,5973,University of Nebraska-Lincoln,Lincoln
49,50,5941,Washington University in St. Louis,St. Louis
50,51,5020,California Institute of Technology,Pasadena
51,52,5329,Georgia Institute of Technology,Atlanta
52,53,5358,University of Georgia,Athens
53,54,6191,University of Rochester,Rochester
54,55,6394,Oregon State University,Corvallis
55,56,6524,Brown University,Providence
56,57,5557,University of Iowa,Iowa City
57,58,6732,Brigham Young University,Provo
58,59,5542,Iowa State University,Ames
59,60,5755,University of Massachusetts Amherst,Amherst
60,61,5177,Colorado State University,Fort Collins
61,62,5301,University of South Florida,Tampa
62,63,5242,George Washington University,Washington
63,64,6776,George Mason University,Fairfax
64,65,6837,Washington State University,Pullman
65,66,6181,Syracuse University,Syracuse
66,67,6636,Vanderbilt University,Nashville
67,68,5273,Florida State University,Tallahassee
68,69,5152,"University of California, San Francisco",San Francisco
69,70,5524,University of Notre Dame,Notre Dame
70,71,6402,University of Oregon,Eugene
71,72,5987,Dartmouth College,Hanover
72,73,6177,"University at Buffalo, State University of New York",Buffalo
73,74,6668,William Marsh Rice University,Houston
74,75,5325,Emory University,Atlanta
75,76,5154,"University of California, Santa Cruz",Santa Cruz
76,77,5612,University of Kentucky,Lexington
77,78,5150,"University of California, Riverside",Riverside
78,79,5472,University of Illinois at Chicago,Chicago
79,80,6704,University of Houston,Houston
80,81,5223,University of Connecticut,Storrs
81,82,5237,University of Delaware,Newark
82,83,5333,Georgia State University,Atlanta
83,84,5936,University of Missouri,Columbia
84,85,5584,University of Kansas,Lawrence
85,86,6631,"The University of Tennessee, Knoxville",Knoxville
86,87,5740,Northeastern University,Boston
87,88,5296,University of Central Florida,Orlando
88,89,6039,University of New Mexico,Albuquerque
89,90,5298,University of Miami,Coral Gables
90,91,6562,University of South Carolina,Columbia
91,92,6709,University of North Texas,Denton
92,93,5621,Louisiana State University,Baton Rouge
93,94,5702,Boston College,Chestnut Hill
94,95,6085,Fordham University,The Bronx
95,96,6134,Rochester Institute of Technology,Rochester
96,97,6499,Temple University,Philadelphia
97,98,6759,University of Vermont,Burlington
98,99,5266,Florida International University,Miami
99,100,5114,San Diego State University,San Diego
100,101,6540,Clemson University,Clemson
101,102,6431,Drexel University,Philadelphia
102,103,5999,University of New Hampshire,Durham
103,104,6342,University of Cincinnati,Cincinnati
104,105,6375,The University of Oklahoma,Norman
105,106,5240,American University,Washington
106,107,4950,The University of Alabama,Tuscaloosa
107,108,6280,Case Western Reserve University,Cleveland
108,109,6632,The University of Tennessee at Martin,Martin
109,110,6804,Virginia Commonwealth University,Richmond
110,111,6738,Utah State University,Logan
111,112,6366,Oklahoma State University,Stillwater
112,113,4927,Auburn University,Auburn
113,114,6132,Rensselaer Polytechnic Institute,Troy
114,115,6859,West Virginia University,Morgantown
115,116,5825,Wayne State University,Detroit
116,117,6398,Portland State University,Portland
117,118,5633,Tulane University,New Orleans
118,119,4990,University of Arkansas,Fayetteville
119,120,4948,University of Alabama at Birmingham,Birmingham
120,121,5118,San Francisco State University,San Francisco
121,122,6646,Baylor University,Waco
122,123,5683,"University of Maryland, Baltimore County",Baltimore
123,124,6175,"University at Albany, State University of New York",Albany
124,125,5704,Brandeis University,Waltham
125,126,6672,Southern Methodist University,Dallas
126,127,5121,San Jos&eacute; State University,San Jose
127,128,6298,Kent State University,Kent
128,129,6889,University of Wisconsin-Milwaukee,Milwaukee
129,130,5876,Mississippi State University,Mississippi State
130,131,6180,Stony Brook University,Stony Brook
131,132,5981,"University of Nevada, Reno",Reno
132,133,6696,Texas Tech University,Lubbock
133,134,5262,Florida Atlantic University,Boca Raton
134,135,6248,University of North Carolina at Charlotte,Charlotte
135,136,5810,Michigan Technological University,Houghton
136,137,5040,"California State University, Northridge",Northridge
137,138,5504,Indiana University - Purdue University Indianapolis,Indianapolis
138,139,6875,Marquette University,Milwaukee
139,140,5441,Northern Illinois University,DeKalb
140,141,6770,College of William &amp; Mary,Williamsburg
141,142,6035,New Mexico State University,Las Cruces
142,143,5572,Kansas State University,Manhattan
143,144,5200,University of Denver,Denver
144,145,6782,Liberty University,Lynchburg
145,146,5993,Southern New Hampshire University,Manchester
146,147,5947,Montana State University,Bozeman
147,148,5393,DePaul University,Chicago
148,149,5122,Santa Clara University,Santa Clara
149,150,6716,The University of Texas MD Anderson Cancer Center,Houston
150,151,5215,Quinnipiac University,Hamden
151,152,5427,Loyola University Chicago,Chicago
152,153,4970,Northern Arizona University,Flagstaff
153,154,5980,"University of Nevada, Las Vegas",Las Vegas
154,155,6533,University of Rhode Island,Kingston
155,156,6392,Oregon Health &amp; Science University,Portland
156,157,5375,University of Idaho,Moscow
157,158,6906,University of Wyoming,Laramie
158,159,7704,United States Military Academy,West Point
159,160,6723,The University of Texas at Dallas,Richardson
160,161,5024,"California Polytechnic State University, San Luis Obispo",San Luis Obispo
161,162,5613,University of Louisville,Louisville
162,163,6176,"Binghamton University, State University of New York",Vestal
163,164,6616,Middle Tennessee State University,Murfreesboro
164,165,6498,Swarthmore College,Swarthmore
165,166,6114,The New School,New York City
166,167,5937,University of Missouri-Kansas City,Kansas City
167,168,6252,Wake Forest University,Winston-Salem
168,169,5826,Western Michigan University,Kalamazoo
169,170,5408,Illinois Institute of Technology,Chicago
170,171,5653,The University of Maine,Orono
171,172,7706,"University of Maryland, Baltimore",Baltimore
172,173,6456,Lehigh University,Bethlehem
173,174,6720,The University of Texas at Arlington,Arlington
174,175,6275,Bowling Green State University,Bowling Green
175,176,5881,University of Mississippi,University
176,177,5931,Saint Louis University,St. Louis
177,178,5953,The University of Montana,Missoula
178,179,5037,"California State University, Long Beach",Long Beach
179,180,6753,Middlebury College,Middlebury
180,181,4961,University of Alaska Fairbanks,Fairbanks
181,182,5766,Worcester Polytechnic Institute,Worcester
182,183,6801,University of Richmond,Richmond
183,184,6327,Ohio University,Athens
184,185,5035,"California State University, Fullerton",Fullerton
185,186,5285,Nova Southeastern University,Fort Lauderdale
186,187,6781,James Madison University,Harrisonburg
187,188,5765,Williams College,Williamstown
188,189,6790,Old Dominion University,Norfolk
189,190,6645,Baylor College of Medicine,Houston
190,191,5456,Southern Illinois University Carbondale,Carbondale
191,192,5231,Wesleyan University,Middletown
192,193,5832,Carleton College,Northfield
193,194,5746,Smith College,Northampton
194,195,6725,The University of Texas at San Antonio,San Antonio
195,196,5700,Berklee College of Music,Boston
196,197,6014,New Jersey Institute of Technology,Newark
197,198,6838,Western Washington University,Bellingham
198,199,6629,The University of Memphis,Memphis
199,200,6249,University of North Carolina at Greensboro,Greensboro
200,201,5756,University of Massachusetts Boston,Boston
201,202,5032,"California State University, Chico",Chico
202,203,6343,University of Dayton,Dayton
203,204,6105,Marist College,Poughkeepsie
204,205,5798,Grand Valley State University,Allendale
205,206,6125,Pace University,New York City
206,207,5780,Calvin University,Grand Rapids
207,208,6199,Appalachian State University,Boone
208,209,5335,Kennesaw State University,Kennesaw
209,210,6673,Texas State University,San Marcos
210,211,6193,Vassar College,Poughkeepsie
211,212,5370,Boise State University,Boise
212,213,5159,University of San Francisco,San Francisco
213,214,6417,Bryn Mawr College,Bryn Mawr
214,215,6516,Villanova University,Villanova
215,216,6211,East Carolina University,Greenville
216,217,5106,Pepperdine University,Malibu
217,218,5693,Amherst College,Amherst
218,219,6724,The University of Texas at El Paso,El Paso
219,220,5249,The Catholic University of America,Washington
220,221,5244,Howard University,Washington
221,222,5158,University of San Diego,San Diego
222,223,5707,Clark University,Worcester
223,224,6341,University of Akron,Akron
224,225,5199,University of Colorado Denver,Denver
225,226,5733,Mount Holyoke College,South Hadley
226,227,6418,Bucknell University,Lewisburg
227,228,6346,University of Toledo,Toledo
228,229,5960,Creighton University,Omaha
229,230,5041,"California State University, Sacramento",Sacramento
230,231,6309,Miami University,Oxford
231,232,6262,North Dakota State University,Fargo
232,233,5758,University of Massachusetts Lowell,Lowell
233,234,6048,Bard College,Annandale-on-Hudson
234,235,5883,University of Southern Mississippi,Hattiesburg
235,236,5029,"California State Polytechnic University, Pomona",Pomona
236,237,4969,Grand Canyon University,Phoenix
237,238,4967,Embry-Riddle Aeronautical University,Daytona Beach
238,239,5614,Western Kentucky University,Bowling Green
239,240,5481,Ball State University,Muncie
240,241,6266,University of North Dakota,Grand Forks
241,242,5046,Chapman University,Orange
242,243,5759,Wellesley College,Wellesley
243,244,5411,Illinois State University,Normal
244,245,6505,Thomas Jefferson University,Philadelphia
245,246,6091,Hofstra University,Hempstead
246,247,6553,Medical University of South Carolina,Charleston
247,248,6012,Montclair State University,Montclair
248,249,6719,University of Texas Southwestern Medical Center,Dallas
249,250,5086,Loyola Marymount University,Los Angeles
250,251,5558,University of Northern Iowa,Cedar Falls
251,252,6352,Wright State University,Dayton
252,253,6318,Oberlin College,Oberlin
253,254,6023,Seton Hall University,South Orange
254,255,5754,University of Massachusetts Medical School,Worcester
255,256,5974,University of Nebraska at Omaha,Omaha
256,257,6198,Yeshiva University,New York City
257,258,5639,Colby College,Waterville
258,259,5128,Sonoma State University,Rohnert Park
259,260,6543,College of Charleston,Charleston
260,261,5074,Humboldt State University,Arcata
261,262,5939,University of Missouri-St. Louis,St. Louis
262,263,6286,Cleveland State University,Cleveland
263,264,5372,Idaho State University,Pocatello
264,265,5638,Bowdoin College,Brunswick
265,266,6691,Texas Christian University,Fort Worth
266,267,6011,Monmouth University,West Long Branch
267,268,5813,Oakland University,Rochester Hills
268,269,5299,University of North Florida,Jacksonville
269,270,6187,The Rockefeller University,New York City
270,271,5265,Florida Institute of Technology,Melbourne
271,272,6812,Washington and Lee University,Lexington
272,273,5034,"California State University, Fresno",Fresno
273,274,6849,Marshall University,Huntington
274,275,5927,Missouri State University,Springfield
275,276,5042,"California State University, San Bernardino",San Bernardino
276,277,5795,Ferris State University,Big Rapids
277,278,5782,Central Michigan University,Mount Pleasant
278,279,5679,Towson University,Towson
279,280,6094,Ithaca College,Ithaca
280,281,6715,The University of Texas Health Science Center at San Antonio,San Antonio
281,282,6432,Duquesne University,Pittsburgh
282,283,5749,Suffolk University,Boston
283,284,6430,Dickinson College,Carlisle
284,285,6669,Sam Houston State University,Huntsville
285,286,5586,Wichita State University,Wichita
286,287,6399,Reed College,Portland
287,288,6251,University of North Carolina Wilmington,Wilmington
288,289,4949,The University of Alabama in Huntsville,Huntsville
289,290,6830,Seattle University,Seattle
290,291,6303,Kenyon College,Gambier
291,292,6598,East Tennessee State University,Johnson City
292,293,5595,Eastern Kentucky University,Richmond
293,294,5070,Harvey Mudd College,Claremont
294,295,6034,New Mexico Institute of Mining and Technology,Socorro
295,296,6587,University of South Dakota,Vermillion
296,297,6876,Medical College of Wisconsin,Milwaukee
297,298,6713,The University of Texas Health Science Center at Houston,Houston
298,299,6894,University of Wisconsin-Stevens Point,Stevens Point
299,300,5864,University of St. Thomas,Saint Paul
300,301,6408,Willamette University,Salem
301,302,5331,Georgia Southern University,Statesboro
302,303,6209,Davidson College,Davidson
303,304,5495,Indiana State University,Terre Haute
304,305,5176,Colorado School of Mines,Golden
305,306,5698,Babson College,Babson Park
306,307,5757,University of Massachusetts Dartmouth,North Dartmouth
307,308,6214,Elon University,Elon
308,309,5110,Pomona College,Claremont
309,310,5148,"University of California, Merced",Merced
310,311,5457,Southern Illinois University Edwardsville,Edwardsville
311,312,6019,Rowan University,Glassboro
312,313,6549,Furman University,Greenville
313,314,5486,Earlham College,Richmond
314,315,5938,Missouri University of Science and Technology,Rolla
315,316,5220,Trinity College,Hartford
316,317,6717,The University of Texas Medical Branch at Galveston,Galveston
317,318,5913,Maryville University,St. Louis
318,319,6384,Lewis &amp; Clark College,Portland
319,320,5842,"Minnesota State University, Mankato",Mankato
320,321,6084,Fashion Institute of Technology,New York City
321,322,5241,Gallaudet University,Washington
322,323,6148,St. John's University,Queens
323,324,5490,Hanover College,Hanover
324,325,6885,University of Wisconsin-Eau Claire,Eau Claire
325,326,5800,Hillsdale College,Hillsdale
326,327,5744,Simmons University,Boston
327,328,7705,United States Naval Academy,Annapolis
328,329,9103,Wheaton College,Wheaton
329,330,5681,University of Baltimore,Baltimore
330,331,5198,University of Colorado Colorado Springs,Colorado Springs
331,332,6658,Lamar University,Beaumont
332,333,9703,Rasmussen University,St. Cloud
333,334,5011,Biola University,La Mirada
334,335,5522,University of Evansville,Evansville
335,336,6820,The Evergreen State College,Olympia
336,337,5794,Eastern Michigan University,Ypsilanti
337,338,6086,Hamilton College,Clinton
338,339,6179,State University of New York at Oswego,Oswego
339,340,5975,University of Nebraska Medical Center,Omaha
340,341,5350,Savannah College of Art and Design,Savannah
341,342,6791,Radford University,Radford
342,343,6585,South Dakota State University,Brookings
343,344,6378,The University of Tulsa,Tulsa
344,345,6025,Stevens Institute of Technology,Hoboken
345,346,6740,Weber State University,Ogden
346,347,6070,Colgate University,Hamilton
347,348,6718,University of Texas Rio Grande Valley,Edinburg
348,349,5162,University of the Pacific,Stockton
349,350,6050,Barnard College,New York City
350,351,6815,Central Washington University,Ellensburg
351,352,6440,Gettysburg College,Gettysburg
352,353,5043,California State University San Marcos,San Marcos
353,354,5293,Stetson University,DeLand
354,355,6444,Haverford College,Haverford
355,356,5038,"California State University, Los Angeles",Los Angeles
356,357,6006,Fairleigh Dickinson University,Teaneck
357,358,6495,Saint Joseph's University,Philadelphia
358,359,5833,College of Saint Benedict/Saint John's University,St. Joseph
359,360,5942,Webster University,St. Louis
360,361,6189,Union College,Schenectady
361,362,6458,Lock Haven University,Lock Haven
362,363,5708,College of the Holy Cross,Worcester
363,364,6822,Gonzaga University,Spokane
364,365,5313,Augusta University,Augusta
365,366,6530,Rhode Island School of Design,Providence
366,367,6886,University of Wisconsin-Green Bay,Green Bay
367,368,5175,Colorado College,Colorado Springs
368,369,4978,Arkansas State University,Jonesboro
369,370,5811,Northern Michigan University,Marquette
370,371,5670,Loyola University Maryland,Baltimore
371,372,6069,Clarkson University,Potsdam
372,373,4991,University of Arkansas at Little Rock,Little Rock
373,374,6701,Trinity University,San Antonio
374,375,6018,Rider University,Lawrenceville
375,376,7288,Brigham Young University-Idaho,Rexburg
376,377,6492,Shippensburg University of Pennsylvania,Shippensburg
377,378,5637,Bates College,Lewiston
378,379,5540,Grinnell College,Grinnell
379,380,5478,Western Illinois University,Macomb
380,381,5634,University of Louisiana at Lafayette,Lafayette
381,382,6142,Skidmore College,Saratoga Springs
382,383,5485,DePauw University,Greencastle
383,384,9658,Long Island University,Brookville
384,385,5841,Macalester College,Saint Paul
385,386,5084,Loma Linda University,Loma Linda
386,387,5044,"California State University, Stanislaus",Turlock
387,388,6026,The College of New Jersey,Ewing
388,389,5386,Bradley University,Peoria
389,390,5033,"California State University, Dominguez Hills",Carson
390,391,5859,St. Olaf College,Northfield
391,392,6165,SUNY College of Environmental Science and Forestry,Syracuse
392,393,6158,SUNY Geneseo,Geneseo
393,394,7685,The Culinary Institute of America,Hyde Park
394,395,6887,University of Wisconsin-La Crosse,La Crosse
395,396,5206,Central Connecticut State University,New Britain
396,397,5713,Emerson College,Boston
397,398,5526,Valparaiso University,Valpara&iacute;so
398,399,6254,Western Carolina University,Cullowhee
399,400,6232,North Carolina Agricultural and Technical State University,Greensboro
400,401,5208,Connecticut College,New London
401,402,5201,University of Northern Colorado,Greeley
402,403,5699,Bentley University,Waltham
403,404,6447,Indiana University of Pennsylvania,Indiana
404,405,5398,Eastern Illinois University,Charleston
405,406,5635,University of New Orleans,New Orleans
406,407,5264,Florida Gulf Coast University,Fort Myers
407,408,6518,West Chester University of Pennsylvania,West Chester
408,409,5605,Northern Kentucky University,Highland Heights
409,410,5483,Butler University,Indianapolis
410,411,5394,DeVry University,Naperville
411,412,6131,Pratt Institute,Brooklyn
412,413,5303,University of West Florida,Pensacola
413,414,5098,Occidental College,Los Angeles
414,415,6090,Hobart and William Smith Colleges,Geneva
415,416,6140,School of Visual Arts,New York City
416,417,6798,Sweet Briar College,Sweet Briar
417,418,5705,Bridgewater State University,Bridgewater
418,419,6630,The University of Tennessee at Chattanooga,Chattanooga
419,420,4995,University of Central Arkansas,Conway
420,421,5536,Drake University,Des Moines
421,422,5009,Azusa Pacific University,Azusa
422,423,5719,Hampshire College,Amherst
423,424,6396,Pacific University,Forest Grove
424,425,5246,National Defense University,Fort Lesley J McNair
425,426,6141,Siena College,Loudonville
426,427,5857,St. Cloud State University,St. Cloud
427,428,6041,Adelphi University,Garden City
428,429,5108,Pitzer College,Claremont
429,430,6353,Xavier University,Cincinnati
430,431,5145,"University of California College of the Law, San Francisco",San Francisco
431,432,5094,Naval Postgraduate School,Monterey
432,433,6186,The Juilliard School,New York City
433,434,6623,Tennessee Tech University,Cookeville
434,435,16865,Miami Dade College,Miami
435,436,5390,Columbia College Chicago,Chicago
436,437,6170,SUNY Upstate Medical University,Syracuse
437,438,6897,University of Wisconsin-Whitewater,Whitewater
438,439,6890,University of Wisconsin-Oshkosh,Oshkosh
439,440,6730,West Texas A&amp;M University,Canyon
440,441,5093,National University,La Jolla
441,442,5624,Loyola University New Orleans,New Orleans
442,443,6739,Utah Valley University,Orem
443,444,5366,University of Hawaii at Manoa,Honolulu
444,445,6895,University of Wisconsin-Stout,Menomonie
445,446,5623,Louisiana Tech University,Ruston
446,447,6437,Franklin and Marshall College,Lancaster
447,448,5261,Florida Agricultural and Mechanical University,Tallahassee
448,449,6178,State University of New York at New Paltz,New Paltz
449,450,5513,Rose-Hulman Institute of Technology,Terre Haute
450,451,5355,University of West Georgia,Carrollton
451,452,5007,ArtCenter College of Design,Pasadena
452,453,6697,Texas Tech University Health Sciences Center,Lubbock
453,454,6680,Stephen F. Austin State University,Nacogdoches
454,455,6017,Stockton University,Galloway
455,456,6829,Seattle Pacific University,Seattle
456,457,4954,University of South Alabama,Mobile
457,458,5341,Mercer University,Macon
458,459,5049,Claremont Graduate University,Claremont
459,460,6156,SUNY Cortland,Cortland
460,461,6005,Drew University,Madison
461,462,5771,Andrews University,Berrien Springs
462,463,5569,Emporia State University,Emporia
463,464,6686,Texas A&amp;M University-Corpus Christi,Corpus Christi
464,465,5801,Hope College,Holland
465,466,5210,Fairfield University,Fairfield
466,467,5288,Rollins College,Winter Park
467,468,4937,Samford University,Birmingham
468,469,5473,University of Illinois at Springfield,Springfield
469,470,4943,Troy University,Troy
470,471,6865,Beloit College,Beloit
471,472,4994,University of Arkansas for Medical Sciences,Little Rock
472,473,6839,Whitman College,Walla Walla
473,474,5248,Strayer University,Washington
474,475,5840,Hamline University,Saint Paul
475,476,5655,University of New England,Biddeford
476,477,5021,California Institute of the Arts,Valencia
477,478,6591,Belmont University,Nashville
478,479,6185,The Cooper Union for the Advancement of Science and Art,New York City
479,480,5359,Valdosta State University,Valdosta
480,481,5342,Morehouse College,Atlanta
481,482,6526,Johnson and Wales University,Providence
482,483,5882,University of Mississippi Medical Center,Jackson
483,484,5050,Claremont McKenna College,Claremont
484,485,5934,Truman State University,Kirksville
485,486,6290,Denison University,Granville
486,487,6354,Youngstown State University,Youngstown
487,488,6794,Regent University,Virginia Beach
488,489,6188,Touro University,New York City
489,490,6453,Lafayette College,Easton
490,491,6635,Sewanee: The University of the South,Sewanee
491,492,5229,University of Hartford,West Hartford
492,493,5995,Plymouth State University,Plymouth
493,494,6819,Eastern Washington University,Cheney
494,495,4998,Academy of Art University,San Francisco
495,496,5673,Salisbury University,Salisbury
496,497,5630,Southeastern Louisiana University,Hammond
497,498,6872,Lawrence University,Appleton
498,499,6622,Tennessee State University,Nashville
499,500,6029,William Paterson University,Wayne
500,501,5036,"California State University, East Bay",Hayward
501,502,6111,Icahn School of Medicine at Mount Sinai,New York City
502,503,5620,Louisiana State University Health Sciences Center,New Orleans
503,504,6637,Abilene Christian University,Abilene
504,505,6336,The College of Wooster,Wooster
505,506,4946,Tuskegee University,Tuskegee
506,507,6541,Coastal Carolina University,Conway
507,508,5547,Maharishi International University,Fairfield
508,509,6520,Widener University,Chester
509,510,5345,University of North Georgia,Dahlonega
510,511,5665,Frostburg State University,Frostburg
511,512,6571,Winthrop University,Rock Hill
512,513,5666,Goucher College,Baltimore
513,514,6699,Texas Woman's University,Denton
514,515,6619,Rhodes College,Memphis
515,516,6118,New York Institute of Technology,Old Westbury
516,517,6529,Rhode Island College,Providence
517,518,5671,Morgan State University,Baltimore
518,519,5465,School of the Art Institute of Chicago,Chicago
519,520,6406,Western Oregon University,Monmouth
520,521,5503,Purdue University Fort Wayne,Fort Wayne
521,522,5570,Fort Hays State University,Hays
522,523,6742,Westminster College,Salt Lake City
523,524,5590,Berea College,Berea
524,525,6827,Pacific Lutheran University,Tacoma
525,526,6376,The University of Oklahoma Health Sciences Center,Oklahoma City
526,527,5354,Spelman College,Atlanta
527,528,6139,Sarah Lawrence College,Bronxville
528,529,16943,Valencia College,Orlando
529,530,5527,Wabash College,Crawfordsville
530,531,5997,Saint Anselm College,Manchester
531,532,6162,The State University of New York at Potsdam,Potsdam
532,533,5307,Agnes Scott College,Decatur
533,534,5234,Delaware State University,Dover
534,535,16806,Broward College,Fort Lauderdale
535,536,6778,Hampton University,Hampton
536,537,6834,University of Puget Sound,Tacoma
537,538,5216,Sacred Heart University,Fairfield
538,539,5680,Uniformed Services University of the Health Sciences,Bethesda
539,540,5925,Southeast Missouri State University,Cape Girardeau
540,541,5820,University of Detroit Mercy,Detroit
541,542,5525,University of Southern Indiana,Evansville
542,543,6160,SUNY College at Oneonta,Oneonta
543,544,5328,Georgia College and State University,Milledgeville
544,545,6746,Champlain College,Burlington
545,546,6769,Christopher Newport University,Newport News
546,547,6878,Milwaukee School of Engineering,Milwaukee
547,548,12172,Hult International Business School,Cambridge
548,549,5604,Murray State University,Murray
549,550,5834,St. Catherine University,Saint Paul
550,551,6333,Ohio Wesleyan University,Delaware
551,552,6678,St. Edward's University,Austin
552,553,5186,Metropolitan State University of Denver,Denver
553,554,5413,Illinois Wesleyan University,Bloomington
554,555,6736,Southern Utah University,Cedar City
555,556,6528,Providence College,Providence
556,557,5829,Augsburg University,Minneapolis
557,558,5723,Lesley University,Cambridge
558,559,9102,Northeastern Illinois University,Chicago
559,560,5804,Kettering University,Flint
560,561,6010,Kean University,Union
561,562,6464,Messiah University,Mechanicsburg
562,563,5068,Golden Gate University,San Francisco
563,564,6531,Roger Williams University,Bristol
564,565,6436,Elizabethtown College,Elizabethtown
565,566,6786,University of Mary Washington,Fredericksburg
566,567,5523,University of Indianapolis,Indianapolis
567,568,16915,St Petersburg College,St. Petersburg
568,569,6281,Cedarville University,Cedarville
569,570,6807,Virginia Military Institute,Lexington
570,571,6511,University of Scranton,Scranton
571,572,6640,Angelo State University,San Angelo
572,573,6695,Texas Southern University,Houston
573,574,6274,Bluffton University,Bluffton
574,575,6098,Le Moyne College,Syracuse
575,576,5972,University of Nebraska at Kearney,Kearney
576,577,14940,"The Citadel, The Military College of South Carolina",Charleston
577,578,6783,Longwood University,Farmville
578,579,5230,University of New Haven,West Haven
579,580,6155,SUNY Brockport,Brockport
580,581,6403,University of Portland,Portland
581,582,6045,Alfred University,Alfred
582,583,6757,Saint Michael's College,Colchester
583,584,6590,Austin Peay State University,Clarksville
584,585,6465,Millersville University of Pennsylvania,Millersville
585,586,6728,University of the Incarnate Word,San Antonio
586,587,6233,North Carolina Central University,Durham
587,588,5579,Pittsburg State University,Pittsburg
588,589,5696,Assumption University,Worcester
589,590,5589,Bellarmine University,Louisville
590,591,5039,"California State University, Monterey Bay",Seaside
591,592,5451,Roosevelt University,Chicago
592,593,6151,St. Lawrence University,Canton
593,594,6293,Franklin University,Columbus
594,595,6119,New York Law School,New York City
595,596,6053,Canisius College,Buffalo
596,597,6653,Houston Baptist University,Houston
597,598,5192,Regis University,Denver
598,599,5217,Southern Connecticut State University,New Haven
599,600,6246,University of North Carolina at Asheville,Asheville
600,601,5678,Maryland Institute College of Art,Baltimore
601,602,6452,La Salle University,Philadelphia
602,603,5839,Gustavus Adolphus College,St. Peter
603,604,6016,Ramapo College of New Jersey,Mahwah
604,605,6682,Tarleton State University,Stephenville
605,606,6250,University of North Carolina at Pembroke,Pembroke
606,607,5017,California College of the Arts,San Francisco
607,608,6297,John Carroll University,University Heights
608,609,6685,Texas A&amp;M University-Commerce,Commerce
609,610,6382,George Fox University,Newberg
610,611,6271,Ashland University,Ashland
611,612,6754,Norwich University,Northfield
612,613,6411,Muhlenberg College,Allentown
613,614,6206,Campbell University,Buies Creek
614,615,5399,Elmhurst University,Elmhurst
615,616,6491,Seton Hill University,Greensburg
616,617,16941,University of St. Augustine for Health Sciences,San Marcos
617,618,4933,Jacksonville State University,Jacksonville
618,619,6144,St. Bonaventure University,St. Bonaventure
619,620,6171,SUNY Downstate Medical Center,Brooklyn
620,621,6679,St. Mary's University,San Antonio
621,622,6415,Bloomsburg University of Pennsylvania,Bloomsburg
622,623,6109,Mercy College,Dobbs Ferry
623,624,5318,Clark Atlanta University,Atlanta
624,625,5291,Saint Leo University,Saint Leo
625,626,6525,Bryant University,Smithfield
626,627,5019,California Institute of Integral Studies,San Francisco
627,628,5253,Barry University,Miami
628,629,5157,University of Redlands,Redlands
629,630,6633,The University of Tennessee Health Science Center,Memphis
630,631,6368,Oral Roberts University,Tulsa
631,632,5769,Albion College,Albion
632,633,5022,California Lutheran University,Thousand Oaks
633,634,5488,Goshen College,Goshen
634,635,6743,Bennington College,Bennington
635,636,5134,Saint Mary's College of California,Moraga
636,637,5438,North Central College,Naperville
637,638,6677,Southwestern University,Georgetown
638,639,5805,Lake Superior State University,Sault Ste. Marie
639,640,5031,California State University Channel Islands,Camarillo
640,641,5030,"California State University, Bakersfield",Bakersfield
641,642,5873,Jackson State University,Jackson
642,643,6891,University of Wisconsin-Parkside,Kenosha
643,644,5836,Concordia College,Moorhead
644,645,5379,Augustana College,Rock Island
645,646,6321,Ohio Northern University,Ada
646,647,6892,University of Wisconsin-Platteville,Platteville
647,648,6219,High Point University,High Point
648,649,5627,University of Louisiana at Monroe,Monroe
649,650,5302,The University of Tampa,Tampa
650,651,6575,Dakota State University,Madison
651,652,6273,Baldwin Wallace University,Berea
652,653,5182,Fort Lewis College,Durango
653,654,6161,State University of New York College at Plattsburgh,Plattsburgh
654,655,6102,Manhattan College,Riverdale
655,656,5668,Hood College,Frederick
656,657,5690,Washington College,Chestertown
657,658,5742,Salem State University,Salem
658,659,4981,Harding University,Searcy
659,660,6450,Kutztown University of Pennsylvania,Kutztown
660,661,7680,Arcadia University,Glenside
661,662,6157,State University of New York at Fredonia,Fredonia
662,663,5657,University of Southern Maine,Portland
663,664,5060,Dominican University of California,San Rafael
664,665,6400,Southern Oregon University,Ashland
665,666,5437,National Louis University,Chicago
666,667,5955,Bellevue University,Bellevue
667,668,5802,Kalamazoo College,Kalamazoo
668,669,6594,Carson-Newman University,Jefferson City
669,670,6726,The University of Texas at Tyler,Tyler
670,671,6278,Capital University,Columbus
671,672,5676,St. Mary's College of Maryland,St. Mary's City
672,673,6760,Vermont Law School,South Royalton
673,674,5343,Morehouse School of Medicine,Atlanta
674,675,6163,"Purchase College, State University of New York",Purchase
675,676,6795,Roanoke College,Salem
676,677,6537,Bob Jones University,Greenville
677,678,6893,University of Wisconsin-River Falls,River Falls
678,679,6521,Wilkes University,Wilkes-Barre
679,680,6147,St. John Fisher University,Rochester
680,681,5363,Hawaii Pacific University,Honolulu
681,682,5546,Luther College,Decorah
682,683,5320,Columbus State University,Columbus
683,684,5731,Merrimack College,North Andover
684,685,5178,Colorado Technical University,Colorado Springs
685,686,6512,The University of the Arts,Philadelphia
686,687,6471,Pennsylvania Academy of the Fine Arts,Philadelphia
687,688,5860,The College of St. Scholastica,Duluth
688,689,5850,Minnesota State University Moorhead,Moorhead
689,690,6572,Wofford College,Spartanburg
690,691,5867,Winona State University,Winona
691,692,6772,Eastern Virginia Medical School,Norfolk
692,693,5920,Northwest Missouri State University,Maryville
693,694,5505,Indiana Wesleyan University,Marion
694,695,6868,Carthage College,Kenosha
695,696,5893,University of Central Missouri,Warrensburg
696,697,5718,Gordon College,Wenham
697,698,6424,Chatham University,Pittsburgh
698,699,5222,University of Bridgeport,Bridgeport
699,700,6584,South Dakota School of Mines and Technology,Rapid City
700,701,5817,Saginaw Valley State University,University Center
701,702,5660,Bowie State University,Bowie
702,703,6172,SUNY Polytechnic Institute,Utica
703,704,5382,Benedictine University,Lisle
704,705,6013,New Jersey City University,Jersey City
705,706,6269,Antioch University,Yellow Springs
706,707,6052,Brooklyn Law School,Brooklyn
707,708,5232,Western Connecticut State University,Danbury
708,709,4953,University of North Alabama,Florence
709,710,5585,Washburn University,Topeka
710,711,6667,Prairie View A&amp;M University,Prairie View
711,712,5421,Knox College,Galesburg
712,713,5431,Midwestern University,Downers Grove
713,714,5593,Centre College,Danville
714,715,4928,Auburn University at Montgomery,Montgomery
715,716,6493,Slippery Rock University of Pennsylvania,Slippery Rock
716,717,5806,Lawrence Technological University,Southfield
717,718,6497,Susquehanna University,Selinsgrove
718,719,6884,St. Norbert College,De Pere
719,720,6611,Lipscomb University,Nashville
720,721,5315,Berry College,Mount Berry
721,722,5741,Regis College,Weston
722,723,5439,North Park University,Chicago
723,724,6599,Fisk University,Nashville
724,725,6215,Fayetteville State University,Fayetteville
725,726,6169,SUNY Empire State College,Saratoga Springs
726,727,5875,Mississippi College,Clinton
727,728,5445,Olivet Nazarene University,Bourbonnais
728,729,6551,Lander University,Greenwood
729,730,6703,University of Dallas,Irving
730,731,6688,Texas A&amp;M University-Kingsville,Kingsville
731,732,7697,Pennsylvania College of Technology,Williamsport
732,733,6345,Grove City College,Grove City
733,734,6123,Niagara University,Niagara University
734,735,6410,Allegheny College,Meadville
735,736,6063,"Lehman College, CUNY",The Bronx
736,737,6809,Virginia State University,Petersburg
737,738,6573,Augustana University,Sioux Falls
738,739,6771,Eastern Mennonite University,Harrisonburg
739,740,5099,Otis College of Art and Design,Los Angeles
740,741,5257,Eckerd College,Saint Petersburg
741,742,5426,Lewis University,Romeoville
742,743,4983,Hendrix College,Conway
743,744,5831,Bethel University,Saint Paul
744,745,6192,Utica University,Utica
745,746,5519,Taylor University,Upland
746,747,7278,Western University of Health Sciences,Pomona
747,748,5991,Keene State College,Keene
748,749,5763,"Wheaton College, Massachusetts",Norton
749,750,6788,Norfolk State University,Norfolk
750,751,11688,Keiser University,Fort Lauderdale
751,752,6307,Marietta College,Marietta
752,753,5823,University of Michigan-Flint,Flint
753,754,6467,Moravian University,Bethlehem
754,755,6514,Ursinus College,Collegeville
755,756,4979,Arkansas Tech University,Russellville
756,757,5272,Florida Southern College,Lakeland
757,758,5725,Massachusetts College of Art and Design,Boston
758,759,6438,Gannon University,Erie
759,760,5167,Westmont College,Santa Barbara
760,761,5774,Baker College,Owosso
761,762,6787,Marymount University,Arlington
762,763,14935,SIT Graduate Institute,Brattleboro
763,764,5185,Colorado Mesa University,Grand Junction
764,765,5174,Colorado Christian University,Lakewood
765,766,5280,Jacksonville University,Jacksonville
766,767,6459,Lycoming College,Williamsport
767,768,16911,South University,Savannah
768,769,5168,Whittier College,Whittier
769,770,6784,University of Lynchburg,Lynchburg
770,771,6869,Concordia University Wisconsin,Mequon
771,772,5747,Springfield College,Springfield
772,773,5911,Lindenwood University,St. Charles
773,774,5555,St. Ambrose University,Davenport
774,775,6683,Texas A&amp;M International University,Laredo
775,776,6733,Utah Tech University,St. George
776,777,6896,University of Wisconsin-Superior,Superior
777,778,5691,McDaniel College,Westminster
778,779,6532,Salve Regina University,Newport
779,780,5402,Governors State University,University Park
780,781,6315,Muskingum University,New Concord
781,782,6620,Southern Adventist University,Collegedale
782,783,6228,Meredith College,Raleigh
783,784,16905,Seminole State College of Florida,Sanford
784,785,5636,Xavier University of Louisiana,New Orleans
785,786,17714,University of Michigan-Dearborn,Dearborn
786,787,5901,Drury University,Springfield
787,788,5761,Western New England University,Springfield
788,789,5396,Dominican University,River Forest
789,790,16903,Santa Fe College,Gainesville
790,791,6190,United States Merchant Marine Academy,Kings Point
791,792,6610,Lincoln Memorial University,Harrogate
792,793,6218,Guilford College,Greensboro
793,794,5014,California Baptist University,Riverside
794,795,16837,Florida State College at Jacksonville,Jacksonville
795,796,5845,Mayo Clinic College of Medicine and Science,Rochester
796,797,5924,Rockhurst University,Kansas City
797,798,6240,Queens University of Charlotte,Charlotte
798,799,6687,Texas A&amp;M University at Galveston,Galveston
799,800,6344,University of Findlay,Findlay
800,801,4923,Alabama A&amp;M University,Huntsville
801,802,5948,Montana State University Billings,Billings
802,803,6449,King's College,Wilkes-Barre
803,804,7687,DeSales University,Center Valley
804,805,6364,Oklahoma City University,Oklahoma City
805,806,6628,Union University,Jackson
806,807,5254,Bethune-Cookman University,Daytona Beach
807,808,5319,Clayton State University,Morrow
808,809,5631,Southern University and A&amp;M College,Baton Rouge
809,810,5283,New College of Florida,Sarasota
810,811,5717,Franklin W. Olin College of Engineering,Needham
811,812,5251,University of the District of Columbia,Washington
812,813,5361,Brigham Young University-Hawaii,Laie
813,814,6814,Bastyr University,Kenmore
814,815,6581,Northern State University,Aberdeen
815,816,5880,Tougaloo College,Tougaloo
816,817,6393,Oregon Institute of Technology,Klamath Falls
817,818,6088,Hartwick College,Oneonta
818,819,5388,Chicago State University,Chicago
819,820,16800,Bellevue College,Bellevue
820,821,6448,Juniata College,Huntingdon
821,822,6078,D'Youville College,Buffalo
822,823,6705,University of Houston-Clear Lake,Houston
823,824,5616,Dillard University,New Orleans
824,825,5922,Park University,Parkville
825,826,5617,Grambling State University,Grambling
826,827,6434,Eastern University,St. Davids
827,828,6427,PennWest Clarion,Clarion
828,829,6351,Wittenberg University,Springfield
829,830,5422,Lake Forest College,Lake Forest
830,831,5374,Northwest Nazarene University,Nampa
831,832,5433,Moody Bible Institute,Chicago
832,833,6523,York College of Pennsylvania,York
833,834,6779,Hollins University,Roanoke
834,835,5057,Concordia University Irvine,Irvine
835,836,6360,Northeastern State University,Tahlequah
836,837,5116,San Francisco Art Institute,San Francisco
837,838,5156,University of La Verne,La Verne
838,839,5516,Saint Mary's College,Notre Dame
839,840,5950,Montana Tech,Butte
840,841,5507,Marian University,Indianapolis
841,842,5598,Kentucky State University,Frankfort
842,843,6642,Austin College,Sherman
843,844,5812,Northwood University,Midland
844,845,5847,Minneapolis College of Art and Design,Minneapolis
845,846,6706,University of Houston-Downtown,Houston
846,847,5209,Eastern Connecticut State University,Willimantic
847,848,5866,Mitchell Hamline School of Law,Saint Paul
848,849,5221,United States Coast Guard Academy,New London
849,850,5511,Purdue University Northwest,Hammond
850,851,6380,Eastern Oregon University,La Grande
851,852,5748,Stonehill College,Easton
852,853,5380,Aurora University,Aurora
853,854,6044,Albany Medical College,Albany
854,855,6595,Christian Brothers University,Memphis
855,856,5858,Saint Mary's University of Minnesota,Winona
856,857,6433,East Stroudsburg University,East Stroudsburg
857,858,5760,Wentworth Institute of Technology,Boston
858,859,6443,Gwynedd Mercy University,Gwynedd Valley
859,860,5533,Cornell College,Mount Vernon
860,861,5260,Flagler College,St. Augustine
861,862,6374,University of Central Oklahoma,Edmond
862,863,6093,Iona University,New Rochelle
863,864,5600,Lindsey Wilson College,Columbia
864,865,5736,New England Conservatory,Boston
865,866,16817,College of Southern Nevada,Las Vegas
866,867,16804,University of Massachusetts Global,Irvine
867,868,6435,PennWest Edinboro,Edinboro
868,869,16844,Herzing University,Madison
869,870,5856,Southwest Minnesota State University,Marshall
870,871,6647,Concordia University Texas,Austin
871,872,5286,Palm Beach Atlantic University,West Palm Beach
872,873,5622,Louisiana State University in Shreveport,Shreveport
873,874,5239,Wilmington University,New Castle
874,875,5628,Northwestern State University of Louisiana,Natchitoches
875,876,5282,Lynn University,Boca Raton
876,877,16945,Vincennes University,Vincennes
877,878,5625,McNeese State University,Lake Charles
878,879,6457,Lincoln University,Lincoln University
879,880,16894,Rogers State University,Claremore
880,881,6663,Midwestern State University,Wichita Falls
881,882,6463,Mercyhurst University,Erie
882,883,6489,Robert Morris University,Moon Township
883,884,5109,Point Loma Nazarene University,San Diego
884,885,6150,St. Joseph's University,Brooklyn
885,886,5837,"Concordia University, St. Paul",Saint Paul
886,887,16928,University of North Texas Health Science Center,Fort Worth
887,888,6113,Nazareth College,Rochester
888,889,4939,Spring Hill College,Mobile
889,890,5308,Albany State University,Albany
890,891,5610,Transylvania University,Lexington
891,892,6867,Carroll University,Waukesha
892,893,5373,Lewis-Clark State College,Lewiston
893,894,5716,Framingham State University,Framingham
894,895,5530,Central College,Pella
895,896,6777,Hampden-Sydney College,Hampden-Sydney
896,897,5432,Millikin University,Decatur
897,898,6767,Bridgewater College,Bridgewater
898,899,6502,Curtis Institute of Music,Philadelphia
899,900,4955,The University of West Alabama,Livingston
900,901,5830,Bemidji State University,Bemidji
901,902,6234,University of North Carolina School of the Arts,Winston-Salem
902,903,5529,Buena Vista University,Storm Lake
903,904,6031,Eastern New Mexico University,Portales
904,905,5562,Wartburg College,Waverly
905,906,5475,University of St. Francis,Joliet
906,907,6104,Manhattanville College,Purchase
907,908,5853,University of Northwestern - St. Paul,Saint Paul
908,909,5615,Centenary College of Louisiana,Shreveport
909,910,16830,ECPI University,Virginia Beach
910,911,14452,Cornerstone University,Grand Rapids
911,912,6349,Walsh University,North Canton
912,913,5640,College of the Atlantic,Bar Harbor
913,914,5532,Coe College,Cedar Rapids
914,915,6727,The University of Texas Permian Basin,Odessa
915,916,5588,Asbury University,Wilmore
916,917,6168,Farmingdale State College,Farmingdale
917,918,6863,Alverno College,Milwaukee
918,919,6519,"Westminster College, Pennsylvania",New Wilmington
919,920,6455,Lebanon Valley College,Annville
920,921,6120,New York Medical College,Valhalla
921,922,6439,Geneva College,Beaver Falls
922,923,7276,Alliant International University,San Diego
923,924,6671,South Texas College of Law,Houston
924,925,5337,Life University,Marietta
925,926,6047,Bank Street College of Education,New York City
926,927,5554,Simpson College,Indianola
927,928,6461,Marywood University,Scranton
928,929,6796,Shenandoah University,Winchester
929,930,5976,Wayne State College,Wayne
930,931,6898,Viterbo University,La Crosse
931,932,5560,Upper Iowa University,Fayette
932,933,5287,Ringling College of Art and Design,Sarasota
933,934,6253,Warren Wilson College,Swannanoa
934,935,4984,John Brown University,Siloam Springs
935,936,5727,MCPHS University,Boston
936,937,5910,"Lincoln University, Missouri",Jefferson City
937,938,6356,Cameron University,Lawton
938,939,5580,Southwestern College,Winfield
939,940,5203,Western Colorado University,Gunnison
940,941,5462,Saint Xavier University,Chicago
941,942,6412,Alvernia University,Reading
942,943,5195,United States Air Force Academy,Colorado Springs
943,944,6370,Southeastern Oklahoma State University,Durant
944,945,6708,University of Mary Hardin-Baylor,Belton
945,946,6287,Mount St. Joseph University,Cincinnati
946,947,6548,Francis Marion University,Florence
947,948,6614,Meharry Medical College,Nashville
948,949,6371,Southern Nazarene University,Bethany
949,950,7708,Washington &amp; Jefferson College,Washington
950,951,14919,Endicott College,Beverly
951,952,6488,Point Park University,Pittsburgh
952,953,6496,Saint Vincent College,Latrobe
953,954,7678,The American College of Financial Services,King of Prussia
954,955,6882,Ripon College,Ripon
955,956,6840,Whitworth University,Spokane
956,957,6385,Linfield University,McMinnville
957,958,6363,Oklahoma Christian University,Edmond
958,959,16871,Morrisville State College,Morrisville
959,960,5992,New England College,Henniker
960,961,5202,Colorado State University-Pueblo,Pueblo
961,962,6853,Shepherd University,Shepherdstown
962,963,6256,Winston-Salem State University,Winston-Salem
963,1083,6057,Brooklyn College,Brooklyn
964,964,5896,Columbia College,Columbia
965,965,5362,Chaminade University of Honolulu,Honolulu
966,966,5596,Georgetown College,Georgetown
967,967,5768,Adrian College,Adrian
968,968,16938,University of South Carolina-Aiken,Aiken
969,969,5641,Husson University,Bangor
970,970,5661,Capitol Technology University,Laurel
971,971,5365,University of Hawaii at Hilo,Hilo
972,972,6335,Shawnee State University,Portsmouth
973,973,6870,Edgewood College,Madison
974,974,6409,Albright College,Reading
975,975,5791,Davenport University,Grand Rapids
976,976,5626,Nicholls State University,Thibodaux
977,977,5131,Southern California Institute of Architecture,Los Angeles
978,978,5946,Carroll College,Helena
979,979,5770,Alma College,Alma
980,980,6110,Molloy University,Rockville Centre
981,981,5877,Mississippi University for Women,Columbus
982,982,6373,Southwestern Oklahoma State University,Weatherford
983,983,5701,Boston Architectural College,Boston
984,984,6862,Wheeling University,Wheeling
985,985,5124,Scripps College,Claremont
986,986,9113,Keck Graduate Institute,Claremont
987,987,5566,Benedictine College,Atchison
988,988,16880,Palm Beach State College,Lake Worth
989,989,5662,Notre Dame of Maryland University,Baltimore
990,990,6665,Our Lady of the Lake University,San Antonio
991,991,5767,Worcester State University,Worcester
992,992,5535,Dordt University,Sioux Center
993,993,5103,Pacific Union College,Angwin
994,994,5023,California State University Maritime Academy,Vallejo
995,995,6557,Presbyterian College,Clinton
996,996,6137,The Sage Colleges,Troy
997,997,6604,King University,Bristol
998,998,6334,Otterbein University,Westerville
999,999,5578,Ottawa University,Ottawa
1000,1000,11676,Southwestern Law School,Los Angeles
1001,1001,5467,Trinity International University,Deerfield
1002,1002,5715,Fitchburg State University,Fitchburg
1003,1003,5642,Maine College of Art,Portland
1004,1004,5521,Trine University,Angola
1005,1005,9107,A.T. Still University,Kirksville
1006,1006,5872,Delta State University,Cleveland
1007,1007,6574,Black Hills State University,Spearfish
1008,1008,5603,Morehead State University,Morehead
1009,1009,16914,St John's College,Annapolis
1010,1010,6079,Daemen University,Amherst
1011,1011,6295,Heidelberg University,Tiffin
1012,1012,6236,North Carolina Wesleyan University,Rocky Mount
1013,1013,5846,Metropolitan State University,Saint Paul
1014,1014,16940,University of South Carolina-Upstate,Spartanburg
1015,1015,5502,Indiana University South Bend,South Bend
1016,1016,6061,"Hunter College, CUNY",New York City
1017,1017,5968,Nebraska Wesleyan University,Lincoln
1018,1018,6265,University of Mary,Bismarck
1019,1019,5499,Indiana University Southeast,New Albany
1020,1020,5684,University of Maryland Eastern Shore,Princess Anne
1021,1021,6858,West Virginia State University,Institute
1022,1022,5171,Adams State University,Alamosa
1023,1023,6831,Saint Martin's University,Lacey
1024,1024,5582,Sterling College,Sterling
1025,1025,6033,New Mexico Highlands University,Las Vegas
1026,1026,6292,Franciscan University of Steubenville,Steubenville
1027,1027,7694,Paul Smith's College,Paul Smiths
1028,1028,5969,Peru State College,Peru
1029,1029,4957,Alaska Pacific University,Anchorage
1030,1030,7692,Monroe College,The Bronx
1031,1031,5739,Nichols College,Dudley
1032,1032,6792,Randolph-Macon College,Ashland
1033,1033,5900,Chamberlain University,Addison
1034,1034,5506,Manchester University,North Manchester
1035,1035,6648,Dallas Baptist University,Dallas
1036,1036,6538,Charleston Southern University,Charleston
1037,1037,6082,Elmira College,Elmira
1038,1038,6810,Virginia Union University,Richmond
1039,1039,6522,Wilson College,Chambersburg
1040,1040,6833,Trinity Washington University,Washington
1041,1041,6225,Lenoir-Rhyne University,Hickory
1042,1042,5885,William Carey University,Hattiesburg
1043,1043,6711,University of St. Thomas,Houston
1044,1044,6133,Roberts Wesleyan University,Rochester
1045,1045,5194,Naropa University,Boulder
1046,1046,6866,Cardinal Stritch University,Milwaukee
1047,1047,5772,Aquinas College,Grand Rapids
1048,1048,5738,New England Law | Boston,Boston
1049,1049,5918,Missouri Western State University,St. Joseph
1050,1050,6238,Pfeiffer University,Misenheimer
1051,1051,14911,Bay Path University,Longmeadow
1052,1052,5482,Bethel College,North Newton
1053,1053,4971,Prescott College,Prescott
1054,1054,6074,The College of Saint Rose,Albany
1055,1055,5346,Oglethorpe University,Atlanta
1056,1056,6586,University of Sioux Falls,Sioux Falls
1057,1057,5290,Southeastern University,Lakeland
1058,1058,5870,Belhaven University,Jackson
1059,1059,5745,Bard College at Simon's Rock,Great Barrington
1060,1060,5647,Unity College,New Gloucester
1061,1061,6773,Emory &amp; Henry College,Emory
1062,1062,5959,"Concordia University, Nebraska",Seward
1063,1063,4986,Ouachita Baptist University,Arkadelphia
1064,1064,5714,Emmanuel College,Boston
1065,1065,6282,Central State University,Wilberforce
1066,1066,5081,La Sierra University,Riverside
1067,1067,5351,Savannah State University,Savannah
1068,1068,5531,Clarke University,Dubuque
1069,1069,5962,Doane University,Crete
1070,1070,5155,American Jewish University,Los Angeles
1071,1071,6811,Virginia Wesleyan University,Virginia Beach
1072,1072,5538,Graceland University,Lamoni
1073,1073,6357,East Central University,Ada
1074,1074,16949,West Coast University-Los Angeles,North Hollywood
1075,1075,6167,Alfred State College,Alfred
1076,1076,6277,Bryant and Stratton College,Buffalo
1077,1077,5491,Huntington University,Huntington
1078,1078,5065,Fresno Pacific University,Fresno
1079,1079,5550,Mount Mercy University,Cedar Rapids
1080,1080,6836,Walla Walla University,College Place
1081,1081,5664,Coppin State University,Baltimore
1082,1082,6230,Montreat College,Montreat
1083,1084,5868,Alcorn State University,Lorman
1084,1085,4924,Alabama State University,Montgomery
1085,1086,5117,San Francisco Conservatory of Music,San Francisco
1086,1087,11686,Daytona State College,Daytona Beach
1087,1088,6626,Trevecca Nazarene University,Nashville
1088,1089,5874,Millsaps College,Jackson
1089,1090,6748,Goddard College,Plainfield
1090,1091,5403,Greenville University,Greenville
1091,1092,6470,Neumann University,Aston
1092,1093,6423,Cedar Crest College,Allentown
1093,1094,6419,Cabrini University,Radnor
1094,1095,16917,State College of Florida-Manatee-Sarasota,Bradenton
1095,1096,4988,Southern Arkansas University,Magnolia
1096,1097,6164,SUNY Cobleskill,Cobleskill
1097,1098,6173,SUNY Maritime College,Throggs Neck
1098,1099,4929,Birmingham-Southern College,Birmingham
1099,1100,5292,St. Thomas University,Miami Gardens
1100,1101,5915,Missouri Southern State University,Joplin
1101,1102,6229,Methodist University,Fayetteville
1102,1103,5643,Maine Maritime Academy,Castine
1103,1104,4931,Faulkner University,Montgomery
1104,1105,5552,Northwestern College,Orange City
1105,1106,6008,Felician University,Lodi
1106,1107,6284,Cleveland Institute of Art,Cleveland
1107,1108,9461,Dalton State College,Dalton
1108,1109,6043,Albany Law School,Albany
1109,1110,4952,University of Montevallo,Montevallo
1110,1111,5710,Curry College,Milton
1111,1112,6103,Manhattan School of Music,New York City
1112,1113,5672,Mount St. Mary's University,Emmitsburg
1113,1114,6535,Anderson University,Anderson
1114,1115,5113,Samuel Merritt University,Oakland
1115,1116,5571,Friends University,Wichita
1116,1117,16859,Louisiana State University Health Sciences Center-Shreveport,Shreveport
1117,1118,16910,South Texas College,McAllen
1118,1119,5556,University of Dubuque,Dubuque
1119,1120,5138,The Master's University,Santa Clarita
1120,1121,5219,Post University,Waterbury
1121,1122,6660,LeTourneau University,Longview
1122,1123,6698,Texas Wesleyan University,Fort Worth
1123,1124,6258,University of Jamestown,Jamestown
1124,1125,16904,Seattle Central College,Seattle
1125,1126,5338,Middle Georgia State University,Macon
1126,1127,6306,Malone University,Canton
1127,1128,5429,McKendree University,Lebanon
1128,1129,6816,City University of Seattle,Seattle
1129,1130,5127,Soka University of America,Aliso Viejo
1130,1131,6429,Delaware Valley University,Doylestown
1131,1132,6881,Northland College,Ashland
1132,1133,6785,Mary Baldwin University,Staunton
1133,1134,5886,Avila University,Kansas City
1134,1135,16885,Polk State College,Winter Haven
1135,1136,5480,"Anderson University, Indiana",Anderson
1136,1137,6261,Minot State University,Minot
1137,1138,5594,University of the Cumberlands,Williamsburg
1138,1139,6428,Misericordia University,Dallas
1139,1140,6362,Oklahoma Baptist University,Shawnee
1140,1141,6576,Dakota Wesleyan University,Mitchell
1141,1142,6305,Lourdes University,Sylvania
1142,1143,5140,Thomas Aquinas College,Santa Paula
1143,1144,6002,Caldwell University,Caldwell
1144,1145,5692,American International College,Springfield
1145,1146,6358,Langston University,Langston
1146,1147,5539,Grand View University,Des Moines
1147,1148,6545,Columbia International University,Columbia
1148,1149,5726,Massachusetts College of Liberal Arts,North Adams
1149,1150,5592,Campbellsville University,Campbellsville
1150,1151,6221,Johnson C. Smith University,Charlotte
1151,1152,5559,Des Moines University,Des Moines
1152,1153,16939,University of South Carolina-Beaufort,Bluffton
1153,1154,6197,Wells College,Aurora
1154,1155,5163,Vanguard University of Southern California,Costa Mesa
1155,1156,6040,Western New Mexico University,Silver City
1156,1157,6707,University of Houston-Victoria,Victoria
1157,1158,5391,Concordia University Chicago,River Forest
1158,1159,5819,Spring Arbor University,Spring Arbor
1159,1160,5895,College of the Ozarks,Point Lookout
1160,1161,6490,Rosemont College,Rosemont
1161,1162,6559,South Carolina State University,Orangeburg
1162,1163,5956,Chadron State College,Chadron
1163,1164,6460,Mansfield University of Pennsylvania,Mansfield
1164,1165,6420,PennWest California,California
1165,1166,5498,Indiana University Northwest,Gary
1166,1167,6268,Air Force Institute of Technology,Wright-Patterson AFB
1167,1168,14916,Cambridge College,Boston
1168,1169,16796,Ave Maria University,Ave Maria
1169,1170,5878,Mississippi Valley State University,Itta Bena
1170,1171,6207,Catawba College,Salisbury
1171,1172,6674,Southwestern Adventist University,Keene
1172,1173,5401,Rosalind Franklin University of Medicine and Science,North Chicago
1173,1174,6750,Northern Vermont University,Johnson
1174,1175,5494,Indiana Institute of Technology,Fort Wayne
1175,1176,6194,Wagner College,Staten Island
1176,1177,5619,Louisiana Christian University,Pineville
1177,1178,6024,Saint Peter's University,Jersey City
1178,1179,4982,Henderson State University,Arkadelphia
1179,1180,5193,Rocky Mountain College of Art and Design,Lakewood
1180,1181,6426,Cheyney University of Pennsylvania,Cheyney
1181,1182,5487,Franklin College,Franklin
1182,1183,6159,SUNY College at Old Westbury,Old Westbury
1183,1184,5576,MidAmerica Nazarene University,Olathe
1184,1185,5933,Stephens College,Columbia
1185,1186,5607,Spalding University,Louisville
1186,1187,6145,St. Francis College,Brooklyn
1187,1188,5406,Illinois College,Jacksonville
1188,1189,4974,University of Advancing Technology,Tempe
1189,1190,6313,University of Mount Union,Alliance
1190,1191,5352,Shorter University,Rome
1191,1192,6662,McMurry University,Abilene
1192,1193,7701,SUNY Canton,Canton
1193,1194,5722,Lasell University,Newton
1194,1195,6871,Lakeland University,Plymouth
1195,1196,6817,Cornish College of the Arts,Seattle
1196,1197,16847,Huntingdon College,Montgomery
1197,1198,6446,Immaculata University,Immaculata
1198,1199,5729,Massachusetts Maritime Academy,Buzzards Bay
1199,1200,6296,Hiram College,Hiram
1200,1201,5045,California Western School of Law,San Diego
1201,1202,5649,University of Maine at Augusta,Augusta
1202,1203,6216,Gardner-Webb University,Boiling Springs
1203,1204,5951,Rocky Mountain College,Billings
1204,1205,6267,Valley City State University,Valley City
1205,1206,16836,Florida SouthWestern State College,Fort Myers
1206,1207,5466,Trinity Christian College,Palos Heights
1207,1208,5332,Georgia Southwestern State University,Americus
1208,1209,5958,College of Saint Mary,Omaha
1209,1210,6899,Wisconsin Lutheran College,Milwaukee
1210,1211,6627,Tusculum University,Greeneville
1211,1212,5838,Crown College,St. Bonifacius
1212,1213,6224,Lees-McRae College,Banner Elk
1213,1214,5205,Albertus Magnus College,New Haven
1214,1215,6579,National American University,Rapid City
1215,1216,6454,Lancaster Bible College,Lancaster
1216,1217,6601,Freed-Hardeman University,Henderson
1217,1218,6879,Mount Mary University,Milwaukee
1218,1219,6536,Benedict College,Columbia
1219,1220,16906,Snow College,Ephraim
1220,1221,6001,Bloomfield College,Bloomfield
1221,1222,5908,Kansas City Art Institute,Kansas City
1222,1223,6546,Converse College,Spartanburg
1223,1224,9132,AdventHealth University,Orlando
1224,1225,6494,Saint Francis University,Loretto
1225,1226,6316,Northeast Ohio Medical University,Rootstown
1226,1227,6729,Wayland Baptist University,Plainview
1227,1228,6204,Bennett College,Greensboro
1228,1229,5549,Morningside University,Sioux City
1229,1230,6609,Lee University,Cleveland
1230,1231,6593,Bryan College,Dayton
1231,1232,6765,Averett University,Danville
1232,1233,5944,William Jewell College,Liberty
1233,1234,4936,Oakwood University,Huntsville
1234,1235,6096,Keuka College,Keuka Park
1235,1236,5632,Southern University at New Orleans,New Orleans
1236,1237,6825,Northwest University,Kirkland
1237,1238,6661,Lubbock Christian University,Lubbock
1238,1239,6517,Waynesburg University,Waynesburg
1239,1240,5564,Baker University,Baldwin City
1240,1241,5711,Eastern Nazarene College,Quincy
1241,1242,6003,Centenary University,Hackettstown
1242,1243,6774,Ferrum College,Ferrum
1243,1244,9105,William James College,Newton
1244,1245,6793,Randolph College,Lynchburg
1245,1246,6285,Cleveland Institute of Music,Cleveland
1246,1247,14933,New England Institute of Technology,East Greenwich
1247,1248,4992,University of Arkansas at Monticello,Monticello
1248,1249,5988,Franklin Pierce University,Rindge
1249,1250,5694,Anna Maria College,Paxton
1250,1251,14918,Dean College,Franklin
1251,1252,5984,Colby-Sawyer College,New London
1252,1253,6694,Texas Lutheran University,Seguin
1253,1254,5609,Thomas More University,Crestview Hills
1254,1255,5606,University of Pikeville,Pikeville
1255,1256,6555,Newberry College,Newberry
1256,1257,6466,Moore College of Art and Design,Philadelphia
1257,1258,6855,University of Charleston,Charleston
1258,1259,5348,Piedmont College,Demorest
1259,1260,5062,Fielding Graduate University,Santa Barbara
1260,1261,5807,Madonna University,Livonia
1261,1262,6823,Heritage University,Toppenish
1262,1263,6320,Ohio Dominican University,Columbus
1263,1264,16803,Bismarck State College,Bismarck
1264,1265,6112,Mount Saint Mary College,Newburgh
1265,1266,6617,Milligan University,Elizabethton
1266,1267,14908,Goodwin University,East Hartford
1267,1268,5080,John F. Kennedy University,Pleasant Hill
1268,1269,6009,Georgian Court University,Lakewood
1269,1270,5517,Saint Mary-of-the-Woods College,Saint Mary of the Woods
1270,1271,6205,Brevard College,Brevard
1271,1272,6597,Cumberland University,Lebanon
1272,1273,5489,Grace College,Winona Lake
1273,1274,6425,Chestnut Hill College,Philadelphia
1274,1275,6092,Houghton University,Houghton
1275,1276,5447,Quincy University,Quincy
1276,1277,16842,Harrisburg University of Science and Technology,Harrisburg
1277,1278,6570,Voorhees University,Denmark
1278,1279,7277,Thomas Jefferson School of Law,San Diego
1279,1280,16818,Columbia Basin College,Pasco
1280,1281,6847,Fairmont State University,Fairmont
1281,1282,6560,Southern Wesleyan University,Central
1282,1283,6245,Saint Augustine's University,Raleigh
1283,1284,16855,Lake Washington Institute of Technology,Kirkland
1284,1285,5316,Brenau University,Gainesville
1285,1286,6421,Carlow University,Pittsburgh
1286,1287,4993,University of Arkansas at Pine Bluff,Pine Bluff
1287,1288,5943,"Westminster College, Missouri",Fulton
1288,1289,5047,Charles R. Drew University of Medicine and Science,Los Angeles
1289,1290,5824,Walsh College,Troy
1290,1291,6377,University of Science and Arts of Oklahoma,Chickasha
1291,1292,6655,Huston-Tillotson University,Austin
1292,1293,5072,Holy Names University,Oakland
1293,1294,5321,Covenant College,Lookout Mountain
1294,1295,6761,Vermont Technical College,Randolph
1295,1296,7702,SUNY Delhi,Delhi
1296,1297,5688,Stevenson University,Stevenson
1297,1298,5450,Rockford University,Rockford
1298,1299,5949,Montana State University-Northern,Havre
1299,1300,5583,Tabor College,Hillsboro
1300,1301,6213,Elizabeth City State University,Elizabeth City
1301,1302,5545,Loras College,Dubuque
1302,1303,5903,Evangel University,Springfield
1303,1304,6365,Oklahoma Panhandle State University,Goodwell
1304,1305,6766,Bluefield University,Bluefield
1305,1306,5967,Nebraska Methodist College,Omaha
1306,1307,6108,Medaille University,Buffalo
1307,1308,5575,McPherson College,McPherson
1308,1309,5907,Harris-Stowe State University,St. Louis
1309,1310,5368,The College of Idaho,Caldwell
1310,1311,6404,Warner Pacific University,Portland
1311,1312,5964,Hastings College,Hastings
1312,1313,5360,Wesleyan College,Macon
1313,1314,6803,The University of Virginia's College at Wise,Wise
1314,1315,16838,Georgia Gwinnett College,Lawrenceville
1315,1316,6552,Limestone University,Gaffney
1316,1317,6745,Castleton University,Castleton
1317,1318,6547,Erskine College,Due West
1318,1319,5169,Woodbury University,Burbank
1319,1320,5376,Adler University,Chicago
1320,1321,4947,United States Sports Academy,Daphne
1321,1322,4985,Lyon College,Batesville
1322,1323,5996,Rivier University,Nashua
1323,1324,6314,Mount Vernon Nazarene University,Mount Vernon
1324,1325,16952,Wilmington College,Wilmington
1325,1326,6387,Multnomah University,Portland
1326,1327,6255,Wingate University,Wingate
1327,1328,6355,Oklahoma Wesleyan University,Bartlesville
1328,1329,16922,Thomas Edison State University,Trenton
1329,1330,7290,Great Basin College,Elko
1330,1331,6652,Hardin-Simmons University,Abilene
1331,1332,6877,Milwaukee Institute of Art and Design,Milwaukee
1332,1333,16947,Waldorf University,Forest City
1333,1334,6651,East Texas Baptist University,Marshall
1334,1335,6227,Mars Hill University,Mars Hill
1335,1336,5892,Central Methodist University,Fayette
1336,1337,5577,Newman University,Wichita
1337,1338,5326,Fort Valley State University,Fort Valley
1338,1339,5120,William Jessup University,Rocklin
1339,1340,6203,Belmont Abbey College,Belmont
1340,1341,5724,MGH Institute of Health Professions,Boston
1341,1342,5904,Fontbonne University,St. Louis
1342,1343,11682,The Institute of World Politics,Washington
1343,1344,16870,Monmouth College,Monmouth
1344,1345,6089,Hilbert College,Hamburg
1345,1346,6337,Defiance College,Defiance
1346,1347,6845,Concord University,Athens
1347,1348,5563,William Penn University,Oskaloosa
1348,1349,5463,The Chicago School of Professional Psychology,Los Angeles
1349,1350,4940,Stillman College,Tuscaloosa
1350,1351,7681,Berkeley College,New York City
1351,1352,16908,South College,Knoxville
1352,1353,6689,Texas A&amp;M University-Texarkana,Texarkana
1353,1354,16845,Hodges University,Fort Myers
1354,1355,5926,Southwest Baptist University,Bolivar
1355,1356,6681,Sul Ross State University,Alpine
1356,1357,6856,West Liberty University,West Liberty
1357,1358,16829,East Georgia State College,Swainsboro
1358,1359,5898,Culver-Stockton College,Canton
1359,1360,6243,Shaw University,Raleigh
1360,1361,5349,Reinhardt University,Waleska
1361,1362,7700,Buffalo State College,Buffalo
1362,1363,5073,Hope International University,Fullerton
1363,1364,5336,LaGrange College,LaGrange
1364,1365,6861,West Virginia Wesleyan College,Buckhannon
1365,1366,16868,Midland College,Midland
1366,1367,7267,University of Arkansas - Fort Smith,Fort Smith
1367,1368,6676,Arizona Christian University,Glendale
1368,1369,7698,University of the Potomac,Washington
1369,1370,16841,Gulf Coast State College,Panama City
1370,1371,6202,Barton College,Wilson
1371,1372,16833,Finlandia University,Hancock
1372,1373,5784,College for Creative Studies,Detroit
1373,1374,6348,Ursuline College,Pepper Pike
1374,1375,16848,Indian River State College,Fort Pierce
1375,1376,6841,Alderson Broaddus University,Philippi
1376,1377,5721,Hebrew College,Newton Centre
1377,1378,5921,Ozark Christian College,Joplin
1378,1379,5052,University of Silicon Valley,San Jose
1379,1380,16937,University of Rio Grande,Rio Grande
1380,1381,4935,Miles College,Fairfield
1381,1382,5528,Briar Cliff University,Sioux City
1382,1383,5573,Kansas Wesleyan University,Salina
1383,1384,6542,Coker University,Hartsville
1384,1385,6539,Claflin University,Orangeburg
1385,1386,5235,Goldey-Beacom College,Wilmington
1386,1387,6675,Southwestern Assemblies of God University,Waxahachie
1387,1388,6405,Corban University,Salem
1388,1389,5654,University of Maine at Presque Isle,Presque Isle
1389,1390,5645,Saint Joseph's College of Maine,Standish
1390,1391,16852,Kansas City University,Kansas City
1391,1392,4926,Athens State University,Athens
1392,1393,6654,Howard Payne University,Brownwood
1393,1394,5417,Judson University,Elgin
1394,1395,5957,Clarkson College,Omaha
1395,1396,5945,William Woods University,Fulton
1396,1397,6107,Marymount Manhattan College,New York City
1397,1398,5347,Paine College,Augusta
1398,1399,5101,Palo Alto University,Palo Alto
1399,1400,14934,Landmark College,Putney
1400,1401,16860,Louisiana State University of Alexandria,Alexandria
1401,1402,7683,Cazenovia College,Cazenovia
1402,1403,5785,Concordia University Ann Arbor,Ann Arbor
1403,1404,6166,SUNY College of Optometry,New York City
1404,1405,16814,College of Central Florida,Ocala
1405,1406,6544,"Columbia College, South Carolina",Columbia
1406,1407,5786,Cranbrook Academy of Art,Bloomfield Hills
1407,1408,6072,College of Mount Saint Vincent,The Bronx
1408,1409,5608,Sullivan University,Louisville
1409,1410,6407,University of Western States,Portland
1410,1411,16951,Western Nevada College,Carson City
1411,1412,5258,Edward Waters University,Jacksonville
1412,1413,5783,Cleary University,Howell
1413,1414,7707,Vaughn College of Aeronautics and Technology,Flushing
1414,1415,6613,Maryville College,Maryville
1415,1416,16929,University of Northwestern Ohio,Lima
1416,1417,6608,LeMoyne-Owen College,Memphis
1417,1418,6451,La Roche University,Pittsburgh
1418,1419,5357,Toccoa Falls College,Toccoa Falls
1419,1420,6288,Columbus College of Art and Design,Columbus
1420,1421,6361,Northwestern Oklahoma State University,Alva
1421,1422,16802,Bethel University,Mishawaka
1422,1423,6874,"Marian University, Wisconsin",Fond du Lac
1423,1424,5611,"Union College, Kentucky",Barbourville
1424,1425,6445,Holy Family University,Philadelphia
1425,1426,9104,University of Saint Mary,Leavenworth
1426,1427,6607,Lane College,Jackson
1427,1428,16835,Florida National University,Hialeah
1428,1429,16874,NewSchool of Architecture and Design,San Diego
1429,1430,5854,Northwestern Health Sciences University,Bloomington
1430,1431,6714,The University of Texas Health Science Center at Tyler,Tyler
1431,1432,5091,Mount Saint Mary's University,Los Angeles
1432,1433,16889,Relay Graduate School of Education,New York City
1433,1434,16899,St. Johns River State College,Palatka
1434,1435,4941,Talladega College,Talladega
1435,1436,5097,Notre Dame de Namur University,Belmont
1436,1437,5954,The University of Montana Western,Dillon
1437,1438,6004,Saint Elizabeth University,Morristown
1438,1439,16805,Brazosport College,Lake Jackson
1439,1440,16950,West Virginia University at Parkersburg,Parkersburg
1440,1441,5906,Hannibal-LaGrange University,Hannibal
1441,1442,16828,Dunwoody College of Technology,Minneapolis
1442,1443,16913,Southern Virginia University,Buena Vista
1443,1444,5917,Missouri Valley College,Marshall
1444,1445,5436,National University of Health Sciences,Lombard
1445,1446,6339,Union Institute &amp; University,Cincinnati
1446,1447,11684,Beacon College,Leesburg
1447,1448,12303,Mitchell College,New London
1448,1449,6257,Dickinson State University,Dickinson
1449,1450,16879,Ohio Christian University,Circleville
1450,1451,5218,University of Saint Joseph,West Hartford
1451,1452,6046,Metropolitan College of New York,New York City
1452,1453,16788,Abraham Baldwin Agricultural College,Tifton
1453,1454,16920,The King's College,New York City
1454,1455,6242,Salem College,Winston-Salem
1455,1456,6413,Clarks Summit University,Clarks Summit
1456,1457,5852,North Central University,Minneapolis
1457,1458,16858,Logan University,Chesterfield
1458,1459,5317,Brewton-Parker College,Mount Vernon
1459,1460,6121,New York School of Interior Design,New York City
1460,1461,5843,Martin Luther College,New Ulm
1461,1462,6731,Wiley College,Marshall
1462,1463,16846,Holy Cross College,Notre Dame
1463,1464,16877,Northwest Florida State College,Niceville
1464,1465,16954,Young Harris College,Young Harris
1465,1466,5123,Saybrook University,Pasadena
1466,1467,16912,Southern University Law Center,Baton Rouge
1467,1468,6692,Texas College,Tyler
1468,1469,6592,"Bethel University, Tennessee",McKenzie
1469,1470,6844,Bluefield State University,Bluefield
1470,1471,5646,Thomas College,Waterville
1471,1472,6340,Tiffin University,Tiffin
1472,1473,6873,Maranatha Baptist University,Watertown
1473,1474,6080,Dominican University New York,Orangeburg
1474,1475,5651,University of Maine at Fort Kent,Fort Kent
1475,1476,6237,William Peace University,Raleigh
1476,1477,5712,College of Our Lady of the Elms,Chicopee
1477,1478,6259,Mayville State University,Mayville
1478,1479,5304,Warner University,Lake Wales
1479,1480,6124,Alliance University,New York City
1480,1481,5930,University of Health Sciences and Pharmacy in St. Louis,St. Louis
1481,1482,5565,Barclay College,Haviland
1482,1483,7703,Maryland University of Integrative Health,Laurel
1483,1484,6217,Greensboro College,Greensboro
1484,1485,5977,York University,York
1485,1486,6472,Salus University,Elkins Park
1486,1487,5602,Midway University,Midway
1487,1488,18870,Texas A&amp;M University-San Antonio,San Antonio
1488,1489,5088,Menlo College,Atherton
1489,1490,16810,Centralia College,Centralia
1490,1491,5567,"Bethany College, Kansas",Lindsborg
1491,1492,5952,University of Providence,Great Falls
1492,1493,6603,Johnson University,Knoxville
1493,1494,6639,Amberton University,Garland
1494,1495,7720,Faith Baptist Bible College and Theological Seminary,Ankeny
1495,1496,6152,St. Thomas Aquinas College,Sparkill
1496,1497,5484,Calumet College of St. Joseph,Whiting
1497,1498,6097,LIM College,New York City
1498,1499,16866,Mid-America Christian University,Oklahoma City
1499,1500,6350,Wilberforce University,Wilberforce
1500,1501,5970,"Union College, Nebraska",Lincoln
1501,1502,5514,University of Saint Francis,Fort Wayne
1502,1503,16797,Bacone College,Muskogee
1503,1504,5112,Pardee RAND Graduate School,Santa Monica
1504,1505,5814,Olivet College,Olivet
1505,1506,6244,St Andrews University,Laurinburg
1506,1507,6670,Schreiner University,Kerrville
1507,1508,7728,Cairn University,Langhorne
1508,1509,5652,University of Maine at Machias,Machias
1509,1510,5400,Eureka College,Eureka
1510,1511,6115,New York Academy of Art,New York City
1511,1512,6657,Jarvis Christian University,Hawkins
1512,1513,6846,Davis and Elkins College,Elkins
1513,1514,4951,University of Mobile,Mobile
1514,1515,14915,Boston Graduate School of Psychoanalysis,Brookline
1515,1516,16881,Parker University,Dallas
1516,1517,16840,Gordon State College,Barnesville
1517,1518,5497,Indiana University East,Richmond
1518,1519,16942,University of the West,Rosemead
1519,1520,5213,Holy Apostles College and Seminary,Cromwell
1520,1521,6534,Allen University,Columbia
1521,1522,6479,Penn State College of Medicine,Hershey
1522,1523,5965,Midland University,Fremont
1523,1524,16857,Lincoln College,Lincoln
1524,1525,16895,Roseman University of Health Sciences,Henderson
1525,1526,6270,Art Academy of Cincinnati,Cincinnati
1526,1527,6556,North Greenville University,Tigerville
1527,1528,6857,West Virginia School of Osteopathic Medicine,Lewisburg
1528,1529,5267,Florida Memorial University,Miami Gardens
1529,1530,5818,Siena Heights University,Adrian
1530,1531,5816,Rochester University,Rochester Hills
1531,1532,6554,Morris College,Sumter
1532,1533,6317,Notre Dame College,Cleveland
1533,1534,5305,Webber International University,Babson Park
1534,1535,6117,New York College of Podiatric Medicine,New York City
1535,1536,6030,University of the Southwest,Hobbs
1536,1537,16909,South Georgia State College,Douglas
1537,1538,6848,Glenville State University,Glenville
1538,1539,14941,Everglades University,Boca Raton
1539,1540,5599,Kentucky Wesleyan College,Owensboro
1540,1541,16923,Touro University California,Vallejo
1541,1542,16801,Bethany Lutheran College,Mankato
1542,1543,5125,Simpson University,Redding
1543,1544,5574,Manhattan Christian College,Manhattan
1544,1545,12350,Villa Maria College,Buffalo
1545,1546,6231,University of Mount Olive,Mount Olive
1546,1547,4996,University of the Ozarks,Clarksville
1547,1548,6504,Thiel College,Greenville
1548,1549,5104,Pacifica Graduate Institute,Carpinteria
1549,1550,6578,Mount Marty University,Yankton
1550,1551,5591,Brescia University,Owensboro
1551,1552,5914,Missouri Baptist University,St. Louis
1552,1553,11672,Arkansas Baptist College,Little Rock
1553,1554,6195,Webb Institute,Glen Cove
1554,1555,5130,Marshall B. Ketchum University,Fullerton
1555,1556,6468,Mount Aloysius College,Cresson
1556,1557,5828,Adler Graduate School,Minnetonka
1557,1558,7690,Keystone College,La Plume
1558,1559,11691,Truett McConnell University,Cleveland
1559,1560,5732,Montserrat College of Art,Beverly
1560,1561,11685,Chipola College,Marianna
1561,1562,6042,Albany College of Pharmacy and Health Sciences,Albany
1562,1563,14936,"Sterling College, Vermont",Craftsbury Common
1563,1564,5891,Central Christian College of the Bible,Moberly
1564,1565,7684,Central Penn College,Summerdale
1565,1566,7696,Pennsylvania College of Art and Design,Lancaster
1566,1567,6649,Dallas Christian College,Dallas
1567,1568,6843,Bethany College,Bethany
1568,1569,6312,Mount Carmel College of Nursing,Columbus
1569,1570,5075,Humphreys University,Stockton
1570,1571,14912,Bay State College,Boston
1571,1572,16944,Vermont College of Fine Arts,Montpelier
1572,1573,11687,Florida College,Temple Terrace
1573,1574,16815,College of Coastal Georgia,Brunswick
1574,1575,6208,Chowan University,Murfreesboro
1575,1576,16883,Pensacola State College,Pensacola
1576,1577,16863,Mercy College of Ohio,Toledo
1577,1578,14914,Benjamin Franklin Cummings Institute of Technology,Boston
1578,1579,5879,Rust College,Holly Springs
1579,1580,6060,"The Graduate Center, CUNY",New York City
1580,1581,5501,Indiana University Kokomo,Kokomo
1581,1582,16834,Florida Gateway College,Lake City
1582,1583,5871,Blue Mountain College,Blue Mountain
1583,1584,14920,Fisher College,Boston
1584,1585,5629,University of Holy Cross,New Orleans
1585,1586,16862,Mercy College of Health Sciences,Des Moines
1586,1587,4987,Philander Smith College,Little Rock
1587,1588,6852,Salem University,Salem
1588,1589,5587,Alice Lloyd College,Pippa Passes
1589,1590,5663,Washington Adventist University,Takoma Park
1590,1591,16792,Appalachian College of Pharmacy,Oakwood
1591,1592,5476,VanderCook College of Music,Chicago
1592,1593,6515,University of Valley Forge,Phoenixville
1593,1594,5384,Blackburn College,Carlinville
1594,1595,14924,Massachusetts School of Law,Andover
1595,1596,5324,"Emmanuel College, Georgia",Franklin Springs
1596,1597,6612,The University of Tennessee Southern,Pulaski
1597,1598,6842,Appalachian Bible College,Mount Hope
1598,1599,5294,Trinity College of Florida,Trinity
1599,1600,6056,"Baruch College, CUNY",New York City
1600,1601,6625,Tennessee Wesleyan University,Athens
1601,1602,6226,Livingstone College,Salisbury
1602,1603,5102,Pacific Oaks College,Pasadena
1603,1604,7725,Lincoln Christian University,Lincoln
1604,1605,6304,Lake Erie College,Painesville
1605,1606,5061,Dominican School of Philosophy &amp; Theology,Berkeley
1606,1607,6621,Southern College of Optometry,Memphis
1607,1608,16873,Nevada State College,Henderson
1608,1609,5191,Nazarene Bible College,Colorado Springs
1609,1610,9133,Kettering College,Kettering
1610,1611,5385,Blessing-Rieman College of Nursing and Health Sciences,Quincy
1611,1612,7695,Peirce College,Philadelphia
1612,1613,5407,Illinois College of Optometry,Chicago
1613,1614,16822,Cottey College,Nevada
1614,1615,6389,Bushnell University,Eugene
1615,1616,16809,Central Christian College of Kansas,McPherson
1616,1617,15135,Donnelly College,Kansas City
1617,1618,5815,Kuyper College,Grand Rapids
1618,1619,4956,Alaska Bible College,Palmer
1619,1620,7713,American Baptist College,Nashville
1620,1621,6239,Carolina University,Winston Salem
1621,1622,4968,The School of Architecture,Paradise Valley
1622,1623,5735,New England College of Optometry,Boston
1623,1624,16824,Criswell College,Dallas
1624,1625,16812,Cleveland University-Kansas City,Overland Park
1625,1626,5509,Oakland City University,Oakland City
1626,1627,16886,Presentation College,Aberdeen
1627,1628,18479,Dharma Realm Buddhist University,Ukiah
1628,1629,5446,Principia College,Elsah
1629,1630,16823,Cox College,Springfield
1630,1631,7688,Pontifical Faculty of the Immaculate Conception,Washington
1631,1632,16790,Allen College,Waterloo
1632,1633,5311,Point University,West Point
1633,1634,6058,The City College of New York,New York City
1634,1635,6416,Bryn Athyn College,Bryn Athyn
1635,1636,6600,Welch College,Gallatin
1636,1637,16851,John Paul the Great Catholic University,Escondido
1637,1638,5998,Thomas More College of Liberal Arts,Merrimack
1638,1639,5597,Kentucky Christian University,Grayson
1639,1640,5356,Thomas University,Thomasville
1640,1641,4962,University of Alaska Southeast,Juneau
1641,1642,16918,The College of Westchester,White Plains
1642,1643,4997,Williams Baptist University,Walnut Ridge
1643,1644,5537,Emmaus Bible College,Dubuque
1644,1645,16875,Magdalen College of the Liberal Arts,Warner
1645,1646,6441,Gratz College,Melrose Park
1646,1647,7689,Five Towns College,Dix Hills
1647,1648,5797,Grace Christian University,Wyoming
1648,1649,12339,Northern New Mexico College,Espanola
1649,1650,16926,United States University,San Diego
1650,1651,5048,San Diego Christian College,Santee
1651,1652,6062,John Jay College of Criminal Justice,New York City
1652,1653,5889,Calvary University,Kansas City
1653,1654,6294,God's Bible School and College,Cincinnati
1654,1655,16854,Laguna College of Art and Design,Laguna Beach
1655,1656,7686,Davis College,Johnson City
1656,1657,16795,Atlanta Metropolitan State College,Atlanta
1657,1658,5367,University of Hawaii-West Oahu,Kapolei
1658,1659,5119,San Joaquin College of Law,Clovis
1659,1660,16821,Columbia College Hollywood,Tarzana
1660,1661,6264,Trinity Bible College,Ellendale
1661,1662,12349,Franciscan Missionaries of Our Lady University,Baton Rouge
1662,1663,15138,Trocaire College,Buffalo
1663,1664,5000,American Film Institute Conservatory,Los Angeles
1664,1665,16793,"Aquinas College, Tennessee",Nashville
1665,1666,16799,Goldfarb School of Nursing at Barnes-Jewish College,St. Louis
1666,1667,7737,Life Pacific University,San Dimas
1667,1668,16798,Baptist Health Sciences University,Memphis
1668,1669,4980,Central Baptist College,Conway
1669,1670,5781,Michigan School of Psychology,Farmington Hills
1670,1671,16893,Rocky Vista University,Parker
1671,1672,16907,Sofia University,Palo Alto
1672,1673,6051,Boricua College,New York City
1673,1674,11683,The Baptist College of Florida,Graceville
1674,1675,7724,The King's University,Southlake
1675,1676,14922,Labour&eacute; College,Milton
1676,1677,16856,Lakeview College of Nursing,Danville
1677,1678,5477,Oak Point University,Chicago
1678,1679,5369,Boise Bible College,Boise
1679,1680,16892,Rocky Mountain University of Health Professions,Provo
1680,1681,7721,Great Lakes Christian College,Lansing
1681,1682,15137,Maria College,Albany
1682,1683,16807,Bryan College of Health Sciences,Lincoln
1683,1684,5397,East-West University,Chicago
1684,1685,7727,Oak Hills Christian College,Bemidji
1685,1686,16867,Middle Tennessee School of Anesthesia,Madison
1686,1687,7716,Clear Creek Baptist Bible College,Pineville
1687,1688,6066,"Queens College, City University of New York",New York City
1688,1689,16882,Pennsylvania College of Health Sciences,Lancaster
1689,1690,7717,College of Biblical Studies,Houston
1690,1691,6036,"Southwestern College, Santa Fe",Santa Fe
1691,1692,16849,Jamestown Business College,Jamestown
1692,1693,4932,Heritage Christian University,Florence
1693,1694,14917,Conway School of Landscape Design,Northampton
1694,1695,6241,Mid-Atlantic Christian University,Elizabeth City
1695,1696,6641,Arlington Baptist University,Arlington
1696,1697,9106,The Wright Institute,Berkeley
1697,1698,6372,Southwestern Christian University,Bethany
1698,1699,6864,Bellin College,Green Bay
1699,1700,5508,Martin University,Indianapolis
1700,1701,16897,Saint Augustine College,Chicago
1701,1702,7732,Pillar College,Newark
1702,1703,5887,Baptist Bible College,Springfield
1703,1704,5161,The University of West Los Angeles,Inglewood
1704,1705,6065,"New York City College of Technology, CUNY",Brooklyn
1705,1706,16946,Wade College,Dallas
1706,1707,4960,University of Alaska Anchorage,Anchorage
1707,1708,6068,"York College, City University of New York",Jamaica
1708,1709,7714,Baptist University of the Americas,San Antonio
1709,1710,7715,Beulah Heights University,Atlanta
1710,1711,5423,Lake Forest Graduate School of Management,Lake Forest
1711,1712,16884,Plaza College,New York City
1712,1713,7719,Ecclesia College,Springdale
1713,1714,5762,Westfield State University,Westfield
1714,1715,16925,Trinity College of Nursing &amp; Health Sciences,Rock Island
1715,1716,16825,Crowley's Ridge College,Paragould
1716,1717,5929,St. Louis Christian College,Florissant
1717,1718,16864,Methodist College,Peoria
1718,1719,16839,Good Samaritan College of Nursing and Health Science,Cincinnati
1719,1720,6381,New Hope Christian College,Eugene
1720,1721,16843,Helene Fuld College of Nursing,New York City
1721,1722,7736,Bethesda University,Anaheim
1722,1723,16827,Denver College of Nursing,Denver
1723,1724,7709,WON Institute of Graduate Studies,Warminster
1724,1725,16890,Research College of Nursing,Kansas City
1725,1726,7735,Northpoint Bible College,Haverhill
1726,1727,16887,Providence Christian College,Pasadena
1727,1728,16891,Richmont Graduate University,Chattanooga
1728,1729,18367,Indiana University Fort Wayne,Fort Wayne
1729,1730,5650,University of Maine at Farmington,Farmington
1730,1731,7733,Southeastern Baptist College,Laurel
1731,1732,7734,Tri-State Bible College,South Point
1732,1733,6059,College of Staten Island,Staten Island
1733,1734,5452,Rush University,Chicago
1734,1735,16953,Wisconsin School of Professional Psychology,Milwaukee
1735,1736,6067,CUNY School of Law,Long Island City
1736,1737,6064,Medgar Evers College,Brooklyn
1737,0,16896,Saint Anthony College of Nursing,Rockford
1738,0,16808,Cabarrus College of Health Sciences,Concord
1739,0,16919,Geisinger Commonwealth School of Medicine,Scranton
1740,0,15114,Irell and Manella Graduate School of Biological Sciences,Duarte
1741,0,5005,Antioch University Santa Barbara,Santa Barbara
1742,0,5004,Antioch University Los Angeles,Culver City
1743,0,5982,Antioch University New England,Keene
1744,0,5460,Saint Francis Medical Center College of Nursing,Peoria
1745,0,6813,Antioch University Seattle,Seattle
1746,0,6331,Ohio University Southern,Ironton
1747,0,6328,Ohio University-Chillicothe,Chillicothe
1748,0,6666,Paul Quinn College,Dallas
